<?xml version="1.0" encoding="UTF-8" standalone="no"?>
<JobDefinition xmlns="http://schemas.ggf.org/jsdl/2005/11/jsdl">


	<JobDescription grisu_modules="MatchMakerPanel">
	<GrisuTemplate xmlns="http://arcs.org.au/jsdl/jsdl-grisu">
		<Email 	template="Email" 
					   	name="EmailAddress"
						description="The email address to send an email to if the job status changes."
						multiplicity="?" 
						other="useLastValue" />
	</GrisuTemplate>
		<JobIdentification>

			<JobName defaultValue="BEAST" description="The name of the job." name="Jobname" other="autosuggest,nosuggestbutton" template="JobName"/>

		</JobIdentification>

		<Application>

			<ApplicationName>BEAST</ApplicationName>
			<ApplicationVersion template="Version" name="Version" title="Version" description="The version of beast" other="useAny,useExact"></ApplicationVersion>
			<Description>
				BEAST is a cross-platform program for Bayesian MCMC analysis of molecular sequences.  Find more about BEAST at http://beast.bio.ed.ac.uk/Main_Page
			</Description>
			<POSIXApplication xmlns="http://schemas.ggf.org/jsdl/2005/11/jsdl-posix">


				<Executable>beast</Executable>

				<Argument substitute="INPUT_FILE[basename]"/>

				<WorkingDirectory/>
				<!-- 	The name of the standard output file. -->
				<Output>stdout.txt</Output>
				<!--  	The name of the standard error file. -->
				<Error>stderr.txt</Error>
				<!-- 	loads the module needed for a BEAST job -->

			</POSIXApplication>


			<TotalCPUTime defaultValue="600" description="The total cpu time in seconds." multiplicity="1" name="Walltime" postprocess="TimesNoCPUs" template="InputInteger"/>

			<TotalCPUCount><exact defaultValue="1" description="How many CPUs do you want to use to run this job." multiplicity="1" name="CPUs" other="force=single" template="InputInteger"/></TotalCPUCount>
			
			<TotalPhysicalMemory> 
				<LowerBoundedRange postprocess="ConvertToBytes" defaultValue="0" description="The minimum amount of memory in mb for this job." multiplicity="1" name="MinMem" title="MinMem" prefills="0,1024,2048,4096" template="InputInteger"> </LowerBoundedRange>
			</TotalPhysicalMemory>
			
		</Application>
		<Resources>
			<CandidateHosts>
	
				<HostName multiplicity="1" name="HostName" template="InputString"/>

			</CandidateHosts>

		</Resources>
		<!--  The following DataStaging element -->
		<DataStaging>
			<FileName/>
			<FileSystemName>userExecutionHostFs</FileSystemName>
			<Source>

				<URI description="Please provide your BEAST XML command file here." multiplicity="1" name="BEASTInputFile" other="render=combobox,useHistory=6,directoryKey=BEAST" postprocess="Substitute[name=INPUT_FILE]" template="InputFile" title="BEAST XML command file" validator="InputFile"/>

			</Source>
		</DataStaging>

	</JobDescription>
</JobDefinition>
