<?xml version="1.0" encoding="UTF-8"?>
<JobDefinition xmlns="http://schemas.ggf.org/jsdl/2005/11/jsdl">

	<JobDescription grisu_modules="MatchMakerPanel">
		<GrisuTemplate xmlns="http://arcs.org.au/jsdl/jsdl-grisu">
		<Email 	template="Email" 
					   	name="EmailAddress"
						description="The email address to send an email to if the job status changes."
						multiplicity="?" 
						other="useLastValue" />
	</GrisuTemplate>
		<JobIdentification>

			<JobName 	template="JobName" 
						name="Jobname"
						description="The name of the job." 
						defaultValue="cat_job" 
						other="autosuggest,nosuggestbutton" />

		</JobIdentification>
		
		<Application>

			<ApplicationName >generic</ApplicationName>
			<ApplicationVersion template="Version" name="Version" title="Version" description="The version" defaultVersion="no_version" other="useDefault"></ApplicationVersion>
			<POSIXApplication
				xmlns="http://schemas.ggf.org/jsdl/2005/11/jsdl-posix">
				

				<Executable>cat</Executable>
				<Argument   template="MultipleInputString"
            				description="The filenames (and possible cat parameters)."
            				name="Arguments for cat command"
            				other="render=combobox,useHistory=2"
            				multiplicity="?"
				/>
				<WorkingDirectory/>
				<!-- 	The name of the standard output file. -->
				<Output>stdout.txt</Output>
				<!--  	The name of the standard error file. -->
				<Error>stderr.txt</Error>

			</POSIXApplication>
			
			<TotalCPUTime template="InputInteger" name="Walltime"
				description="The total cpu time in seconds."
				multiplicity="1" defaultValue="600" 
				postprocess="TimesNoCPUs"
			/>

			<TotalCPUCount><exact template="InputInteger" name="CPUs"
				description="How many CPUs do you want to use to run this job."
				multiplicity="1" other="force=single" /></TotalCPUCount>
				
			<TotalPhysicalMemory> 
				<LowerBoundedRange postprocess="ConvertToBytes" defaultValue="0" description="The minimum amount of memory in mb for this job." multiplicity="1" name="MinMem" title="MinMem" prefills="0,1024,2048,4096" template="InputInteger"> </LowerBoundedRange>
			</TotalPhysicalMemory>

		</Application>
		<Resources>
			<CandidateHosts>

				<HostName template="InputString" name="HostName" multiplicity="1"/>

			</CandidateHosts>

		</Resources>
		<!--  The following DataStaging element -->
		<DataStaging>
			<FileName />
			<FileSystemName></FileSystemName>
			<Source>

				<URI template="MultipleInputFiles" name="InputFiles"
					title="Input files"
					description="Provide at least one input file here."
					multiplicity="?" validator="InputFile" />

			</Source>
		</DataStaging>
	</JobDescription>
</JobDefinition>
