<?xml version="1.0" encoding="UTF-8"?>
<JobDefinition xmlns="http://schemas.ggf.org/jsdl/2005/11/jsdl">


	<!-- 	Only the "Common" module is used here. It is recommended that you always
	   		use the "Common" module because it is very unintuitive if the parameters 
	   		it encapsulates have to be put in by hand. These parameters are:
	   			* Jobname
				* Walltime
				* CPUs
				* HostName
				* ExecutionFileSystem
				* EmailAddress 
						
			When using a module, you have to use which so called template nodes are used 
			by it. And you have to know what names the module expects for these nodes.
			If one or more of these names are not available in the template, the module is 
			not used at all and all the template nodes that it normally would use are
			given to the "Rest" module, which is automatically created everytime one or
			more template nodes of a template are not claimed by a module.
	-->
	<JobDescription grisu_modules="MatchMakerPanel">
	
		<GrisuTemplate xmlns="http://arcs.org.au/jsdl/jsdl-grisu">
		<Email 	template="Email" 
					   	name="EmailAddress"
						description="The email address to send an email to if the job status changes."
						multiplicity="?" 
						other="useLastValue" />
	</GrisuTemplate>
	
		<JobIdentification>
	
			<!-- The JobName template type renders a panel that is kind of 
				 smart about which jobnames already exist and can suggest or automatically
				 fill in appropriate jobnames according to the user-input/defaultValue that
				 is set.
		    -->
			<JobName 	template="JobName" 
						name="Jobname"
						description="The name of the job." 
						defaultValue="echo_job" 
						other="autosuggest,nosuggestbutton" />

		</JobIdentification>
		
		<Application>
			<!-- 	The ApplicationName is a generic name for an application. It does not
				 	contain the path or anything else. This name could be used by mds to figure
				 	out where the application is supported.
				 	It is also used by Grisu to determine whether an application-specific viewer 
				 	panel for this application exists so if you want to use one of these then you
				 	need to know what the name is that Grisu expects.
			-->
			<ApplicationName >generic</ApplicationName>
			<ApplicationVersion template="Version" name="Version" title="Version" description="The version" defaultVersion="no_version" other="useDefault"></ApplicationVersion>
			<POSIXApplication
				xmlns="http://schemas.ggf.org/jsdl/2005/11/jsdl-posix">
				
				<!-- 	The path to the executable. If you load a module you may not need the
						path and the name of the executable is enough.
				-->
				<Executable>echo</Executable>
				
				<Argument template="MultipleInputString"
						  name="Strings"
						  description="The strings you want to echo."
					      other="render=combobox,useHistory"
			    />

				<WorkingDirectory />
				<!-- 	The name of the standard output file. -->
				<Output>stdout.txt</Output>
				<!--  	The name of the standard error file. -->
				<Error>stderr.txt</Error>
				
			</POSIXApplication>
			<TotalCPUTime template="InputInteger" name="Walltime"
				description="For how long should the job run at the most."
				multiplicity="1" defaultValue="600" />

			<TotalCPUCount><exact template="InputInteger" name="CPUs"
				description="How many CPUs do you want to use to run this job."
				multiplicity="1" other="force=single" /></TotalCPUCount>
			<TotalPhysicalMemory> 
				<LowerBoundedRange postprocess="ConvertToBytes" defaultValue="0" description="The minimum amount of memory in mb for this job." multiplicity="1" name="MinMem" title="MinMem" prefills="0,1024,2048,4096" template="InputInteger"> </LowerBoundedRange>
			</TotalPhysicalMemory>

		</Application>
		<Resources>
			<CandidateHosts>
				<HostName template="InputString" name="HostName"/>
			</CandidateHosts>
		</Resources>

	</JobDescription>
</JobDefinition>
