<?xml version="1.0" encoding="UTF-8"?>
<JobDefinition xmlns="http://schemas.ggf.org/jsdl/2005/11/jsdl">

	<JobDescription grisu_modules="MatchMakerPanel">
	<GrisuTemplate xmlns="http://arcs.org.au/jsdl/jsdl-grisu">
			<Email template="Email" name="EmailAddress" title="EmailAddress" description="The email address to send an email to if the job status changes." multiplicity="?" other="useLastValue"/>
		</GrisuTemplate>
		<JobIdentification>

			<JobName template="JobName" name="Jobname" title="Jobname" description="The name of the job." defaultValue="java_job" other="autosuggest,nosuggestbutton"/>

		</JobIdentification>
		
		<Application>

			<ApplicationName>java</ApplicationName>
			<ApplicationVersion template="ApplicationVersion" name="Version" title="Version" description="The version of java" defaultValue="1.6.0" other="useAny,useDefault,useExact"/>
			<POSIXApplication xmlns="http://schemas.ggf.org/jsdl/2005/11/jsdl-posix">
				

				<Executable template="CommandLine" name="I_Commandline" title="Commandline" description="The command you want to run" other="useHistory"/>

				<WorkingDirectory />
				<!-- 	The name of the standard output file. -->
				<Output>stdout.txt</Output>
				<!--  	The name of the standard error file. -->
				<Error>stderr.txt</Error>


			</POSIXApplication>
			
			<TotalCPUTime template="WallTime" name="Walltime" title="Walltime" description="The total cpu time in seconds." multiplicity="1" defaultValue="600" postprocess="TimesNoCPUs"/>

			<TotalCPUCount><exact template="CPUs" name="CPUs" title="CPUs" description="How many CPUs do you want to use to run this job." multiplicity="1" defaultValue="1" prefills="1,2,4,8"/></TotalCPUCount>
				
			<TotalPhysicalMemory> 
				<LowerBoundedRange postprocess="ConvertToBytes" defaultValue="0" description="The minimum amount of memory in mb for this job." multiplicity="1" name="MinMem" title="MinMem" prefills="0,1024,2048,4096" template="InputInteger"> </LowerBoundedRange>
			</TotalPhysicalMemory>

		</Application>
		<Resources>
			<CandidateHosts>

				<HostName template="CandidateHost" name="HostName" title="HostName" description="Where do you want to submit the job to?" multiplicity="1"/>

			</CandidateHosts>

		</Resources>
		<!--  The following DataStaging element -->
		<DataStaging>
			<FileName/>
			<FileSystemName/>
			<Source>

				<URI template="MultipleInputFiles" name="InputFiles" title="Input files" description="Provide at least one input file here." multiplicity="?" validator="InputFile"/>

			</Source>
		</DataStaging>
	</JobDescription>
</JobDefinition>