<?xml version="1.0" encoding="UTF-8" standalone="no"?>
<JobDefinition xmlns="http://schemas.ggf.org/jsdl/2005/11/jsdl">


	<JobDescription grisu_modules="MatchMakerPanel">
	
			<GrisuTemplate xmlns="http://arcs.org.au/jsdl/jsdl-grisu">
			<Email description="The email address to send an email to if the job status changes." multiplicity="?" name="EmailAddress" other="useLastValue" template="Email"/>
	</GrisuTemplate>

		<JobIdentification>

			<JobName defaultValue="PAUP" description="The name of the job." name="Jobname" other="autosuggest,nosuggestbutton" template="JobName"/>

		</JobIdentification>

		<Application>

			<ApplicationName>PAUP*</ApplicationName>
			<ApplicationVersion template="ApplicationVersion" name="Version" title="Version" description="The version of paup" other="useAny,useExact"/>
			
			<Description>
				PAUP* infers phylogenetic trees from sequences.  Find more about PAUP* at http://paup.csit.fsu.edu/
			</Description>
			<POSIXApplication xmlns="http://schemas.ggf.org/jsdl/2005/11/jsdl-posix">


				<Executable description="Please select/enter the name of the executable in the left combobox and your arguments in the right one." name="Command" other="useHistory" template="MDSCommandLine" title="Command to run"/>

				<!-- <Executable>mb</Executable> -->

                <Argument>-n</Argument>
				<Argument substitute="INPUT_FILE[basename]"/>

				<WorkingDirectory filesystemName="userExecutionHostFs" postprocess="FillWithJobDirectoryRelativeToExecutionFileSystem"/>
				<!-- 	The name of the standard output file. -->
				<Output>stdout.txt</Output>
				<!--  	The name of the standard error file. -->
				<Error>stderr.txt</Error>
			</POSIXApplication>


			<TotalCPUTime defaultValue="600" description="The total cpu time in seconds." multiplicity="1" name="Walltime" postprocess="TimesNoCPUs" template="InputInteger"/>

			<TotalCPUCount><exact defaultValue="1" description="How many CPUs do you want to use to run this job." multiplicity="1" name="CPUs" other="force=single" template="InputInteger"/></TotalCPUCount>

			<TotalPhysicalMemory> 
				<LowerBoundedRange postprocess="ConvertToBytes" defaultValue="0" description="The minimum amount of memory in mb for this job." multiplicity="1" name="MinMem" title="MinMem" prefills="0,1024,2048,4096" template="InputInteger"> </LowerBoundedRange>
			</TotalPhysicalMemory>

		</Application>
		<Resources>
			<CandidateHosts>
	
				<HostName name="HostName" template="InputString"/>

			</CandidateHosts>


		</Resources>
		<!--  The following DataStaging element -->
		<DataStaging>
			<FileName/>
			<FileSystemName></FileSystemName>
			<Source>

				<URI description="Please provide your PAUP* NEXUS file here." multiplicity="1" name="PAUPInputFile" other="render=combobox,useHistory=6,directoryKey=PAUP" postprocess="Substitute[name=INPUT_FILE]" template="InputFile" title="PAUP* NEXUS file" validator="InputFile"/>

			</Source>
		</DataStaging>

	</JobDescription>
</JobDefinition>
